<?xml version="1.0"?>
<lists>
  <materials>
    <material>
      <id>1</id>
      <name>Acél rúd</name>
      <quality>12</quality>
      <price>2674908</price>
      <deleted>False</deleted>
    </material>
    <material>
      <id>2</id>
      <name>Acélhajlat</name>
      <quality>43</quality>
      <price>401994</price>
      <deleted>False</deleted>
    </material>
    <material>
      <id>3</id>
      <name>Kemény Aszfalt</name>
      <quality>22</quality>
      <price>2022383</price>
      <note>It is a long established fact that a reader will be distracted by the readable content of a page when looking at its layout. The point of using Lorem Ipsum is that it has a more-or-less normal distribution of letters, as opposed to using 'Content here, content here', making it look like readable English. Many desktop publishing packages and web page editors now use Lorem Ipsum as their default model text, and a search for 'lorem ipsum' will uncover many web sites still in their infancy. Various versions have evolved over the years, sometimes by accident, sometimes on purpose (injected humour and the like).</note>
      <deleted>False</deleted>
    </material>
    <material>
      <id>4</id>
      <name>Puha Aszfalt</name>
      <quality>23</quality>
      <price>3406299</price>
      <deleted>False</deleted>
    </material>
    <material>
      <id>5</id>
      <name>Bambusz</name>
      <quality>49</quality>
      <price>7184531</price>
      <deleted>False</deleted>
    </material>
    <material>
      <id>6</id>
      <name>Bentheimi homokkő</name>
      <quality>75</quality>
      <price>2831992</price>
      <deleted>False</deleted>
    </material>
    <material>
      <id>7</id>
      <name>Égetett mész</name>
      <quality>64</quality>
      <price>6974403</price>
      <deleted>False</deleted>
    </material>
    <material>
      <id>8</id>
      <name>Granulált kohósalak</name>
      <quality>31</quality>
      <price>7734262</price>
      <deleted>False</deleted>
    </material>
    <material>
      <id>9</id>
      <name>Jani Féle Habarcs</name>
      <quality>38</quality>
      <price>589670</price>
      <deleted>False</deleted>
    </material>
    <material>
      <id>10</id>
      <name>Béla Féle Habarcs</name>
      <quality>24</quality>
      <price>6072470</price>
      <deleted>False</deleted>
    </material>
    <material>
      <id>11</id>
      <name>Kisszemű Homok</name>
      <quality>69</quality>
      <price>2853284</price>
      <deleted>False</deleted>
    </material>
    <material>
      <id>12</id>
      <name>Nagyszemű Homok</name>
      <quality>35</quality>
      <price>1512261</price>
      <deleted>False</deleted>
    </material>
    <material>
      <id>13</id>
      <name>Kavics</name>
      <quality>30</quality>
      <price>7154967</price>
      <deleted>False</deleted>
    </material>
    <material>
      <id>14</id>
      <name>Kenderbeton</name>
      <quality>55</quality>
      <price>644204</price>
      <note>It is a long established fact that a reader will be distracted by the readable content of a page when looking at its layout. The point of using Lorem Ipsum is that it has a more-or-less normal distribution of letters, as opposed to using 'Content here, content here', making it look like readable English. Many desktop publishing packages and web page editors now use Lorem Ipsum as their default model text, and a search for 'lorem ipsum' will uncover many web sites still in their infancy. Various versions have evolved over the years, sometimes by accident, sometimes on purpose (injected humour and the like).</note>
      <deleted>False</deleted>
    </material>
    <material>
      <id>15</id>
      <name>Keramit</name>
      <quality>44</quality>
      <price>7915097</price>
      <note>Lorem Ipsum is simply dummy text of the printing and typesetting industry. Lorem Ipsum has been the industry's standard dummy text ever since the 1500s, when an unknown printer took a galley of type and scrambled it to make a type specimen book. It has survived not only five centuries, but also the leap into electronic typesetting, remaining essentially unchanged. It was popularised in the 1960s with the release of Letraset sheets containing Lorem Ipsum passages, and more recently with desktop publishing software like Aldus PageMaker including versions of Lorem Ipsum.</note>
      <deleted>False</deleted>
    </material>
    <material>
      <id>16</id>
      <name>Kéregerősítő</name>
      <quality>92</quality>
      <price>4288121</price>
      <deleted>False</deleted>
    </material>
    <material>
      <id>17</id>
      <name>Linóleum</name>
      <quality>72</quality>
      <price>1880886</price>
      <deleted>False</deleted>
    </material>
    <material>
      <id>18</id>
      <name>MDF-lap</name>
      <quality>37</quality>
      <price>8834863</price>
      <deleted>False</deleted>
    </material>
    <material>
      <id>19</id>
      <name>Mészhomoktégla</name>
      <quality>38</quality>
      <price>4775596</price>
      <deleted>False</deleted>
    </material>
    <material>
      <id>20</id>
      <name>Műkő</name>
      <quality>74</quality>
      <price>5006547</price>
      <deleted>True</deleted>
    </material>
    <material>
      <id>21</id>
      <name>Oltott mész</name>
      <quality>96</quality>
      <price>6013123</price>
      <deleted>True</deleted>
    </material>
    <material>
      <id>22</id>
      <name>Pórusbeton</name>
      <quality>52</quality>
      <price>3338809</price>
      <deleted>False</deleted>
    </material>
    <material>
      <id>23</id>
      <name>Szurok</name>
      <quality>96</quality>
      <price>8078293</price>
      <deleted>False</deleted>
    </material>
    <material>
      <id>24</id>
      <name>Textilbeton</name>
      <quality>33</quality>
      <price>9942132</price>
      <note>Lorem Ipsum is simply dummy text of the printing and typesetting industry. Lorem Ipsum has been the industry's standard dummy text ever since the 1500s, when an unknown printer took a galley of type and scrambled it to make a type specimen book. It has survived not only five centuries, but also the leap into electronic typesetting, remaining essentially unchanged. It was popularised in the 1960s with the release of Letraset sheets containing Lorem Ipsum passages, and more recently with desktop publishing software like Aldus PageMaker including versions of Lorem Ipsum.</note>
      <deleted>False</deleted>
    </material>
    <material>
      <id>25</id>
      <name>Vasbeton</name>
      <quality>76</quality>
      <price>4272941</price>
      <deleted>False</deleted>
    </material>
  </materials>
  <buyable-sets>
    <buyable-set>
      <id>1</id>
      <mat_id>17</mat_id>
      <quantity>80</quantity>
      <available>False</available>
    </buyable-set>
    <buyable-set>
      <id>2</id>
      <mat_id>17</mat_id>
      <quantity>51</quantity>
      <available>True</available>
    </buyable-set>
    <buyable-set>
      <id>3</id>
      <mat_id>23</mat_id>
      <quantity>93</quantity>
      <available>False</available>
    </buyable-set>
    <buyable-set>
      <id>4</id>
      <mat_id>18</mat_id>
      <quantity>73</quantity>
      <available>True</available>
    </buyable-set>
    <buyable-set>
      <id>5</id>
      <mat_id>5</mat_id>
      <quantity>154</quantity>
      <available>True</available>
    </buyable-set>
    <buyable-set>
      <id>6</id>
      <mat_id>12</mat_id>
      <quantity>81</quantity>
      <available>True</available>
    </buyable-set>
    <buyable-set>
      <id>7</id>
      <mat_id>10</mat_id>
      <quantity>111</quantity>
      <available>False</available>
    </buyable-set>
    <buyable-set>
      <id>8</id>
      <mat_id>18</mat_id>
      <quantity>123</quantity>
      <available>True</available>
    </buyable-set>
    <buyable-set>
      <id>9</id>
      <mat_id>10</mat_id>
      <quantity>27</quantity>
      <available>True</available>
    </buyable-set>
    <buyable-set>
      <id>10</id>
      <mat_id>3</mat_id>
      <quantity>74</quantity>
      <available>False</available>
    </buyable-set>
    <buyable-set>
      <id>11</id>
      <mat_id>25</mat_id>
      <quantity>33</quantity>
      <available>True</available>
    </buyable-set>
    <buyable-set>
      <id>12</id>
      <mat_id>21</mat_id>
      <quantity>74</quantity>
      <available>True</available>
    </buyable-set>
    <buyable-set>
      <id>13</id>
      <mat_id>1</mat_id>
      <quantity>130</quantity>
      <available>True</available>
    </buyable-set>
    <buyable-set>
      <id>14</id>
      <mat_id>17</mat_id>
      <quantity>160</quantity>
      <available>True</available>
    </buyable-set>
    <buyable-set>
      <id>15</id>
      <mat_id>1</mat_id>
      <quantity>38</quantity>
      <available>True</available>
    </buyable-set>
    <buyable-set>
      <id>16</id>
      <mat_id>2</mat_id>
      <quantity>50</quantity>
      <available>True</available>
    </buyable-set>
    <buyable-set>
      <id>17</id>
      <mat_id>2</mat_id>
      <quantity>166</quantity>
      <available>True</available>
    </buyable-set>
    <buyable-set>
      <id>18</id>
      <mat_id>17</mat_id>
      <quantity>24</quantity>
      <available>True</available>
    </buyable-set>
    <buyable-set>
      <id>19</id>
      <mat_id>4</mat_id>
      <quantity>192</quantity>
      <available>False</available>
    </buyable-set>
    <buyable-set>
      <id>20</id>
      <mat_id>22</mat_id>
      <quantity>68</quantity>
      <available>True</available>
    </buyable-set>
    <buyable-set>
      <id>21</id>
      <mat_id>8</mat_id>
      <quantity>163</quantity>
      <available>True</available>
    </buyable-set>
    <buyable-set>
      <id>22</id>
      <mat_id>4</mat_id>
      <quantity>150</quantity>
      <available>True</available>
    </buyable-set>
    <buyable-set>
      <id>23</id>
      <mat_id>4</mat_id>
      <quantity>81</quantity>
      <available>True</available>
    </buyable-set>
    <buyable-set>
      <id>24</id>
      <mat_id>2</mat_id>
      <quantity>99</quantity>
      <available>False</available>
    </buyable-set>
    <buyable-set>
      <id>25</id>
      <mat_id>19</mat_id>
      <quantity>154</quantity>
      <available>False</available>
    </buyable-set>
    <buyable-set>
      <id>26</id>
      <mat_id>17</mat_id>
      <quantity>145</quantity>
      <available>True</available>
    </buyable-set>
    <buyable-set>
      <id>27</id>
      <mat_id>14</mat_id>
      <quantity>76</quantity>
      <available>False</available>
    </buyable-set>
    <buyable-set>
      <id>28</id>
      <mat_id>4</mat_id>
      <quantity>31</quantity>
      <available>True</available>
    </buyable-set>
    <buyable-set>
      <id>29</id>
      <mat_id>15</mat_id>
      <quantity>76</quantity>
      <available>True</available>
    </buyable-set>
    <buyable-set>
      <id>30</id>
      <mat_id>5</mat_id>
      <quantity>147</quantity>
      <available>True</available>
    </buyable-set>
    <buyable-set>
      <id>31</id>
      <mat_id>13</mat_id>
      <quantity>49</quantity>
      <available>True</available>
    </buyable-set>
    <buyable-set>
      <id>32</id>
      <mat_id>6</mat_id>
      <quantity>83</quantity>
      <available>False</available>
    </buyable-set>
    <buyable-set>
      <id>33</id>
      <mat_id>5</mat_id>
      <quantity>178</quantity>
      <available>True</available>
    </buyable-set>
    <buyable-set>
      <id>34</id>
      <mat_id>8</mat_id>
      <quantity>187</quantity>
      <available>False</available>
    </buyable-set>
    <buyable-set>
      <id>35</id>
      <mat_id>21</mat_id>
      <quantity>198</quantity>
      <available>True</available>
    </buyable-set>
    <buyable-set>
      <id>36</id>
      <mat_id>13</mat_id>
      <quantity>189</quantity>
      <available>True</available>
    </buyable-set>
    <buyable-set>
      <id>37</id>
      <mat_id>10</mat_id>
      <quantity>100</quantity>
      <available>True</available>
    </buyable-set>
    <buyable-set>
      <id>38</id>
      <mat_id>8</mat_id>
      <quantity>76</quantity>
      <available>False</available>
    </buyable-set>
    <buyable-set>
      <id>39</id>
      <mat_id>7</mat_id>
      <quantity>49</quantity>
      <available>False</available>
    </buyable-set>
    <buyable-set>
      <id>40</id>
      <mat_id>16</mat_id>
      <quantity>116</quantity>
      <available>True</available>
    </buyable-set>
    <buyable-set>
      <id>41</id>
      <mat_id>5</mat_id>
      <quantity>193</quantity>
      <available>True</available>
    </buyable-set>
    <buyable-set>
      <id>42</id>
      <mat_id>3</mat_id>
      <quantity>121</quantity>
      <available>True</available>
    </buyable-set>
    <buyable-set>
      <id>43</id>
      <mat_id>10</mat_id>
      <quantity>113</quantity>
      <available>True</available>
    </buyable-set>
    <buyable-set>
      <id>44</id>
      <mat_id>19</mat_id>
      <quantity>110</quantity>
      <available>False</available>
    </buyable-set>
    <buyable-set>
      <id>45</id>
      <mat_id>3</mat_id>
      <quantity>64</quantity>
      <available>True</available>
    </buyable-set>
    <buyable-set>
      <id>46</id>
      <mat_id>2</mat_id>
      <quantity>78</quantity>
      <available>True</available>
    </buyable-set>
    <buyable-set>
      <id>47</id>
      <mat_id>3</mat_id>
      <quantity>40</quantity>
      <available>True</available>
    </buyable-set>
    <buyable-set>
      <id>48</id>
      <mat_id>20</mat_id>
      <quantity>165</quantity>
      <available>True</available>
    </buyable-set>
    <buyable-set>
      <id>49</id>
      <mat_id>3</mat_id>
      <quantity>55</quantity>
      <available>False</available>
    </buyable-set>
    <buyable-set>
      <id>50</id>
      <mat_id>10</mat_id>
      <quantity>194</quantity>
      <available>True</available>
    </buyable-set>
    <buyable-set>
      <id>51</id>
      <mat_id>7</mat_id>
      <quantity>121</quantity>
      <available>True</available>
    </buyable-set>
    <buyable-set>
      <id>52</id>
      <mat_id>25</mat_id>
      <quantity>43</quantity>
      <available>False</available>
    </buyable-set>
    <buyable-set>
      <id>53</id>
      <mat_id>5</mat_id>
      <quantity>149</quantity>
      <available>True</available>
    </buyable-set>
    <buyable-set>
      <id>54</id>
      <mat_id>3</mat_id>
      <quantity>38</quantity>
      <available>True</available>
    </buyable-set>
    <buyable-set>
      <id>55</id>
      <mat_id>23</mat_id>
      <quantity>134</quantity>
      <available>False</available>
    </buyable-set>
    <buyable-set>
      <id>56</id>
      <mat_id>12</mat_id>
      <quantity>58</quantity>
      <available>True</available>
    </buyable-set>
    <buyable-set>
      <id>57</id>
      <mat_id>15</mat_id>
      <quantity>57</quantity>
      <available>False</available>
    </buyable-set>
    <buyable-set>
      <id>58</id>
      <mat_id>17</mat_id>
      <quantity>111</quantity>
      <available>True</available>
    </buyable-set>
    <buyable-set>
      <id>59</id>
      <mat_id>1</mat_id>
      <quantity>94</quantity>
      <available>True</available>
    </buyable-set>
    <buyable-set>
      <id>60</id>
      <mat_id>10</mat_id>
      <quantity>21</quantity>
      <available>True</available>
    </buyable-set>
    <buyable-set>
      <id>61</id>
      <mat_id>11</mat_id>
      <quantity>199</quantity>
      <available>True</available>
    </buyable-set>
    <buyable-set>
      <id>62</id>
      <mat_id>6</mat_id>
      <quantity>108</quantity>
      <available>False</available>
    </buyable-set>
    <buyable-set>
      <id>63</id>
      <mat_id>12</mat_id>
      <quantity>40</quantity>
      <available>True</available>
    </buyable-set>
    <buyable-set>
      <id>64</id>
      <mat_id>11</mat_id>
      <quantity>173</quantity>
      <available>True</available>
    </buyable-set>
    <buyable-set>
      <id>65</id>
      <mat_id>17</mat_id>
      <quantity>22</quantity>
      <available>True</available>
    </buyable-set>
    <buyable-set>
      <id>66</id>
      <mat_id>24</mat_id>
      <quantity>178</quantity>
      <available>True</available>
    </buyable-set>
    <buyable-set>
      <id>67</id>
      <mat_id>8</mat_id>
      <quantity>136</quantity>
      <available>False</available>
    </buyable-set>
    <buyable-set>
      <id>68</id>
      <mat_id>20</mat_id>
      <quantity>169</quantity>
      <available>False</available>
    </buyable-set>
    <buyable-set>
      <id>69</id>
      <mat_id>9</mat_id>
      <quantity>131</quantity>
      <available>True</available>
    </buyable-set>
    <buyable-set>
      <id>70</id>
      <mat_id>23</mat_id>
      <quantity>188</quantity>
      <available>False</available>
    </buyable-set>
    <buyable-set>
      <id>71</id>
      <mat_id>21</mat_id>
      <quantity>169</quantity>
      <available>False</available>
    </buyable-set>
    <buyable-set>
      <id>72</id>
      <mat_id>2</mat_id>
      <quantity>142</quantity>
      <available>True</available>
    </buyable-set>
    <buyable-set>
      <id>73</id>
      <mat_id>22</mat_id>
      <quantity>144</quantity>
      <available>True</available>
    </buyable-set>
    <buyable-set>
      <id>74</id>
      <mat_id>1</mat_id>
      <quantity>194</quantity>
      <available>True</available>
    </buyable-set>
    <buyable-set>
      <id>75</id>
      <mat_id>24</mat_id>
      <quantity>45</quantity>
      <available>True</available>
    </buyable-set>
    <buyable-set>
      <id>76</id>
      <mat_id>6</mat_id>
      <quantity>198</quantity>
      <available>True</available>
    </buyable-set>
    <buyable-set>
      <id>77</id>
      <mat_id>11</mat_id>
      <quantity>36</quantity>
      <available>True</available>
    </buyable-set>
    <buyable-set>
      <id>78</id>
      <mat_id>25</mat_id>
      <quantity>30</quantity>
      <available>True</available>
    </buyable-set>
    <buyable-set>
      <id>79</id>
      <mat_id>10</mat_id>
      <quantity>135</quantity>
      <available>True</available>
    </buyable-set>
    <buyable-set>
      <id>80</id>
      <mat_id>20</mat_id>
      <quantity>174</quantity>
      <available>False</available>
    </buyable-set>
    <buyable-set>
      <id>81</id>
      <mat_id>23</mat_id>
      <quantity>121</quantity>
      <available>True</available>
    </buyable-set>
    <buyable-set>
      <id>82</id>
      <mat_id>11</mat_id>
      <quantity>131</quantity>
      <available>True</available>
    </buyable-set>
    <buyable-set>
      <id>83</id>
      <mat_id>23</mat_id>
      <quantity>128</quantity>
      <available>True</available>
    </buyable-set>
    <buyable-set>
      <id>84</id>
      <mat_id>23</mat_id>
      <quantity>34</quantity>
      <available>True</available>
    </buyable-set>
    <buyable-set>
      <id>85</id>
      <mat_id>1</mat_id>
      <quantity>74</quantity>
      <available>True</available>
    </buyable-set>
    <buyable-set>
      <id>86</id>
      <mat_id>23</mat_id>
      <quantity>171</quantity>
      <available>True</available>
    </buyable-set>
    <buyable-set>
      <id>87</id>
      <mat_id>10</mat_id>
      <quantity>41</quantity>
      <available>True</available>
    </buyable-set>
    <buyable-set>
      <id>88</id>
      <mat_id>15</mat_id>
      <quantity>110</quantity>
      <available>False</available>
    </buyable-set>
    <buyable-set>
      <id>89</id>
      <mat_id>5</mat_id>
      <quantity>168</quantity>
      <available>False</available>
    </buyable-set>
    <buyable-set>
      <id>90</id>
      <mat_id>9</mat_id>
      <quantity>141</quantity>
      <available>True</available>
    </buyable-set>
    <buyable-set>
      <id>91</id>
      <mat_id>24</mat_id>
      <quantity>32</quantity>
      <available>False</available>
    </buyable-set>
    <buyable-set>
      <id>92</id>
      <mat_id>7</mat_id>
      <quantity>43</quantity>
      <available>True</available>
    </buyable-set>
    <buyable-set>
      <id>93</id>
      <mat_id>23</mat_id>
      <quantity>118</quantity>
      <available>True</available>
    </buyable-set>
    <buyable-set>
      <id>94</id>
      <mat_id>9</mat_id>
      <quantity>79</quantity>
      <available>True</available>
    </buyable-set>
    <buyable-set>
      <id>95</id>
      <mat_id>4</mat_id>
      <quantity>112</quantity>
      <available>True</available>
    </buyable-set>
    <buyable-set>
      <id>96</id>
      <mat_id>9</mat_id>
      <quantity>194</quantity>
      <available>False</available>
    </buyable-set>
    <buyable-set>
      <id>97</id>
      <mat_id>18</mat_id>
      <quantity>109</quantity>
      <available>False</available>
    </buyable-set>
    <buyable-set>
      <id>98</id>
      <mat_id>13</mat_id>
      <quantity>92</quantity>
      <available>False</available>
    </buyable-set>
    <buyable-set>
      <id>99</id>
      <mat_id>7</mat_id>
      <quantity>77</quantity>
      <available>True</available>
    </buyable-set>
    <buyable-set>
      <id>100</id>
      <mat_id>9</mat_id>
      <quantity>59</quantity>
      <available>False</available>
    </buyable-set>
    <buyable-set>
      <id>101</id>
      <mat_id>7</mat_id>
      <quantity>120</quantity>
      <available>False</available>
    </buyable-set>
    <buyable-set>
      <id>102</id>
      <mat_id>8</mat_id>
      <quantity>194</quantity>
      <available>True</available>
    </buyable-set>
    <buyable-set>
      <id>103</id>
      <mat_id>9</mat_id>
      <quantity>155</quantity>
      <available>True</available>
    </buyable-set>
    <buyable-set>
      <id>104</id>
      <mat_id>7</mat_id>
      <quantity>196</quantity>
      <available>True</available>
    </buyable-set>
    <buyable-set>
      <id>105</id>
      <mat_id>5</mat_id>
      <quantity>30</quantity>
      <available>False</available>
    </buyable-set>
    <buyable-set>
      <id>106</id>
      <mat_id>7</mat_id>
      <quantity>94</quantity>
      <available>False</available>
    </buyable-set>
    <buyable-set>
      <id>107</id>
      <mat_id>21</mat_id>
      <quantity>171</quantity>
      <available>False</available>
    </buyable-set>
    <buyable-set>
      <id>108</id>
      <mat_id>1</mat_id>
      <quantity>139</quantity>
      <available>True</available>
    </buyable-set>
    <buyable-set>
      <id>109</id>
      <mat_id>7</mat_id>
      <quantity>102</quantity>
      <available>True</available>
    </buyable-set>
    <buyable-set>
      <id>110</id>
      <mat_id>3</mat_id>
      <quantity>24</quantity>
      <available>False</available>
    </buyable-set>
    <buyable-set>
      <id>111</id>
      <mat_id>9</mat_id>
      <quantity>124</quantity>
      <available>True</available>
    </buyable-set>
    <buyable-set>
      <id>112</id>
      <mat_id>19</mat_id>
      <quantity>36</quantity>
      <available>False</available>
    </buyable-set>
    <buyable-set>
      <id>113</id>
      <mat_id>12</mat_id>
      <quantity>175</quantity>
      <available>True</available>
    </buyable-set>
    <buyable-set>
      <id>114</id>
      <mat_id>25</mat_id>
      <quantity>199</quantity>
      <available>True</available>
    </buyable-set>
    <buyable-set>
      <id>115</id>
      <mat_id>15</mat_id>
      <quantity>94</quantity>
      <available>True</available>
    </buyable-set>
    <buyable-set>
      <id>116</id>
      <mat_id>13</mat_id>
      <quantity>77</quantity>
      <available>True</available>
    </buyable-set>
    <buyable-set>
      <id>117</id>
      <mat_id>24</mat_id>
      <quantity>21</quantity>
      <available>False</available>
    </buyable-set>
    <buyable-set>
      <id>118</id>
      <mat_id>2</mat_id>
      <quantity>110</quantity>
      <available>True</available>
    </buyable-set>
    <buyable-set>
      <id>119</id>
      <mat_id>24</mat_id>
      <quantity>62</quantity>
      <available>False</available>
    </buyable-set>
    <buyable-set>
      <id>120</id>
      <mat_id>19</mat_id>
      <quantity>29</quantity>
      <available>True</available>
    </buyable-set>
    <buyable-set>
      <id>121</id>
      <mat_id>9</mat_id>
      <quantity>66</quantity>
      <available>False</available>
    </buyable-set>
    <buyable-set>
      <id>122</id>
      <mat_id>10</mat_id>
      <quantity>188</quantity>
      <available>True</available>
    </buyable-set>
    <buyable-set>
      <id>123</id>
      <mat_id>25</mat_id>
      <quantity>98</quantity>
      <available>False</available>
    </buyable-set>
    <buyable-set>
      <id>124</id>
      <mat_id>1</mat_id>
      <quantity>161</quantity>
      <available>True</available>
    </buyable-set>
  </buyable-sets>
</lists>
